Company Name,Website,City,Segment,What They Make,Revenue Band,Decision Maker,DM Title,DM Background,C1 Manufacturer Score,C1 Evidence,C2 India Score,C2 Evidence,C3 Differentiation Score,C3 Evidence,C4 Tech DM Score,C4 Evidence,C5 Tailwind Score,C5 Evidence,C6 Growth Score,C6 Evidence,Federer Score,Score Band,Verdict,Verdict Reasoning,Personalization Hook
Ananth Technologies,ananthtech.com,Hyderabad,Defence electronics / aerospace,"Satellite systems, avionics, radar subsystems, onboard computers",Rs.100-300Cr,Dr. Subba Rao Pavuluri,Founder & Chairman,Ex-ISRO scientist with PhD,Strong,In-house satellite integration and PCB assembly,Strong,HQ in Hyderabad with manufacturing in Telangana,Strong,AS9100C certified. First private Indian company authorized by IN-SPACe.,Strong,Founder is ex-ISRO scientist with PhD. Gen-2 CEO leading operations.,Strong,Defence indigenization policy and IN-SPACe opening.,Strong,Revenue Rs.270Cr FY24 with +30% YoY growth. Rs.900Cr order book.,100,A — Strong Federer,Strong Pass,Textbook Federer. Scientist-founder with deep technical moat.,First private Indian company authorized for GSO satellite operations under IN-SPACe.
Avantel Limited,avantel.in,Hyderabad,Defence electronics,"Tactical communication systems, SDRs, EW systems",Rs.100-300Cr,Dr. Abburi Vidyasagar,Founder & MD,IIT Kharagpur M.Tech; ex-HAL,Strong,Dedicated Electronic City Twp facility in Hyderabad.,Strong,Founder and HQ based in Hyderabad.,Strong,Software-defined radios and EW systems are high-barrier products.,Strong,Deep personal domain expertise in defence communications.,Strong,Make-in-India for military communications.,Strong,Revenue Rs.248Cr FY25. Rs.56Cr new facility inaugurated Oct 2025.,100,A — Strong Federer,Strong Pass,Scientist-founder from IIT-KGP + HAL with 3x revenue growth.,Inaugurated a Rs.56Cr new facility in Hyderabad to handle growing defence electronics order book.
Lokesh Machines,lokeshmachines.com,Hyderabad,Precision engineering,"CNC machine tools, aerospace components",Rs.100-300Cr,M. Lokeswara Rao,Founder & CMD,Ex-HMT with 46 years experience,Strong,Large manufacturing facility producing CNC machines in-house.,Strong,HQ and manufacturing in Hyderabad.,Strong,AS9100 aerospace certification. Makes EURO VI engine block machinery.,Strong,Founder ex-HMT. Gen-2 son has M.S. Industrial Engineering from NJIT.,Strong,Aerospace component manufacturing is China+1 beneficiary.,Strong,Aerospace division growing as separate vertical under gen-2.,100,A — Strong Federer,Strong Pass,Family-led with strong gen-2 technical transition pivoting to aerospace.,Gen-2 leader with NJIT M.S. heading a new Aerospace division.
VEM Technologies,vemtechnologies.com,Hyderabad,Defence electronics / aerospace,"Seekers, mission computers, servo systems for missiles",Rs.300-500Cr,V. Venkata Raju,Founder & CMD,Mechanical Engineer with 3 decades in defence systems,Strong,Dedicated manufacturing centers with complete system integration capabilities.,Strong,HQ in Hyderabad; manufacturing units in Telangana.,Strong,DSIR recognized R&D; AS9100D certified; makes proprietary RF seekers.,Strong,Founder is a core technocrat who built the company from scratch.,Strong,Heavy beneficiary of Make-in-India defence indigenization.,Strong,Setting up a new integrated defence systems facility in Zaheerabad.,100,A — Strong Federer,Strong Pass,Technocrat founder with extreme system integration capabilities building mission-critical missile subsystems.,Building out the massive new Zaheerabad facility to handle end-to-end defence system integration.
Nucon Aerospace,nuconaerospace.com,Hyderabad,Precision engineering / aerospace,"Pneumatic control systems, embedded hardware for avionics",Rs.100-300Cr,Hemant Jalan,CMD,BITS Pilani alumni; 30+ years engineering operations,Strong,In-house precision machining and assembly clean rooms.,Strong,Operations fully based in Hyderabad.,Strong,AS9100D certified; sole Indian supplier for several missile pneumatic valves.,Strong,Founder is BITS Pilani alumni with deep operational systems thinking.,Strong,Aerospace sub-system indigenization tailwinds.,Moderate,Active hiring on LinkedIn for embedded systems engineers; steady expansion.,85,A — Strong Federer,Pass,Classic precision engineering firm transitioning to high-value aerospace sub-assemblies.,Sole-sourcing precision pneumatic valves for critical Indian missile programs.
Kadet Defence Systems,kadet-uav.com,Hyderabad,Defence / aerospace,"Unmanned Aerial Targets (UAT), loitering munitions",<Rs.50Cr,Avinash Pandey,Founder & CEO,Aeronautical background; drone pioneer,Strong,In-house composite manufacturing and avionics integration.,Strong,Headquartered in India with primary R&D in Hyderabad.,Strong,Proprietary flight control systems for high-speed jet targets.,Strong,Founder has deep domain expertise in unmanned systems.,Strong,MoD procurement push for target drones and loitering munitions.,Moderate,Recent MoD contracts awarded; niche but growing footprint.,80,A — Strong Federer,Pass,Deeply differentiated niche (aerial targets) with strong promoter vision.,Secured critical MoD contracts for proprietary unmanned aerial targets.
Symphony Pharma Life Sciences,symphonypharma.com,Hyderabad,Custom synthesis,"Specialty intermediates, complex chiral molecules",Rs.50-100Cr,Dr. P. Anil Kumar,Founder & MD,PhD in Organic Chemistry,Strong,In-house process R&D and scale-up manufacturing plant.,Strong,Operations in Hyderabad.,Strong,DSIR recognized R&D; expertise in complex chiral chemistry.,Strong,Scientist-founder profile driving proprietary process development.,Moderate,Specialty CDMO market remains steady.,Moderate,Regular facility upgrades to meet innovator pharma audits.,80,A — Strong Federer,Pass,Textbook Basket A custom synthesis shop driven by a scientist-founder.,Using deep chiral chemistry expertise to solve scale-up challenges for global innovator pharma.
Alkali Metals Limited,alkalimetals.com,Hyderabad,Custom synthesis,"Niche heterocyclic compounds, tetrazoles",Rs.50-100Cr,Y.S.R. Venkata Rao,MD (Gen-2),B.E. Mechanical; Fellow of IEI,Strong,Manufacturing facilities in Hyderabad and Vizag.,Strong,HQ Hyderabad.,Strong,Niche tetrazole chemistry with USFDA-approved unit.,Strong,Gen-2 MD is B.E. Mechanical. Board includes former Director IICT.,Moderate,Tetrazoles are a narrow niche.,Moderate,Revenue Rs.82Cr. USFDA approval is recent.,80,A — Strong Federer,Pass,Solid Federer profile with technical depth and institutional knowledge.,Received USFDA approval for Vizag unit pivoting into regulated exports.
ViNS Bioproducts,vinsbio.in,Hyderabad,Specialty biotech,"Antivenoms, anti-rabies serum, equine-plasma biologics",Rs.30-50Cr,Siddarth Daga,Executive Director,Family-led business,Strong,150-acre equine farm and in-house manufacturing.,Strong,HQ and manufacturing in Telangana.,Strong,Only Indian company in several antisera categories. PIC/s approved.,Moderate,Technical credentials not publicly confirmed.,Strong,Antivenom demand growing globally.,Moderate,Exports established. PIC/s approval is a recent milestone.,80,A — Strong Federer,Pass,Strong differentiation and PIC/s approval despite lower C4 public data.,Only Indian manufacturer PIC/s approved for antivenoms supplying WHO.
Saptagir Laboratories,saptagirlabs.com,Hyderabad,Complex APIs,"Specialty APIs, CNS and Anti-diabetic active ingredients",Rs.100-300Cr,Shilpa Reddy,Managing Director,Gen-2 leader with operational focus,Strong,Multiple USFDA and EDQM approved manufacturing blocks.,Strong,HQ and plants in Hyderabad.,Strong,USFDA/EDQM approvals represent high regulatory barrier to entry.,Moderate,Gen-2 led with professional management; systems thinking evident in compliance.,Moderate,China+1 API sourcing tailwinds.,Strong,Recent capacity additions and active international market expansion.,75,B — Probable Federer,Pass,Strong regulatory moat. Good Basket B CDMO/API candidate.,Leveraging USFDA-approved blocks to capture China+1 specialty API shifts.
ABR Organics,abrorganics.net,Hyderabad,Specialty chemicals,"Polyimide films and resins for space and defence",<Rs.50Cr,Dr. K.V.C. Rao,Founder,Ex-ISRO scientist with PhD,Strong,Produces specialty polymer products in-house.,Strong,HQ and manufacturing in Hyderabad.,Strong,DSIR-recognized R&D lab. Polyimides for space/defence.,Strong,Both co-founders are PhD scientists.,Moderate,Specialty materials have tailwinds but specific niche is small.,Weak,Website still references ISO 9001:2008. Flat revenue trajectory.,70,B — Probable Federer,Borderline,Exceptionally strong on C3 and C4 but lacks growth signals.,Co-founders are ex-ISRO running one of the few Indian manufacturers of polyimide films.
SEC Industries,secindustries.com,Hyderabad,Precision engineering,"Aerospace tooling, ground support equipment for missiles",Rs.100-300Cr,D. Vidyasagar,MD,Mechanical Engineer with defence systems expertise,Strong,Heavy engineering and precision machining setup.,Strong,Located in Hyderabad.,Strong,AS9100 certified; capabilities in 5-axis machining of exotic alloys.,Moderate,Operator-led with strong quality systems but traditional hierarchy.,Strong,Direct beneficiary of BDL/DRDO expansion.,Moderate,Consistent DRDO vendor grading improvements.,70,B — Probable Federer,Borderline,Solid Basket C heavy engineering firm. High C3 but C7 (Systems) needs on-site verification.,Providing critical 5-axis machining for aerospace exotic alloys supporting BDL.
Skanda Aerospace,skandaaerospace.com,Hyderabad,Precision engineering,"High-precision aerospace gears and rotorcraft components",<Rs.50Cr,-,-,Strong,Joint venture manufacturing plant.,Strong,Located in Hyderabad.,Moderate,High precision gear manufacturing but JV structure limits total independence.,Moderate,Professional management setup due to JV structure.,Strong,Rotorcraft indigenization.,Moderate,Recently inaugurated new facility.,65,B — Probable Federer,Borderline,JV between Raghu Vamsi and Rave Gears. Independence is questionable; requires deeper vetting.,Operating the newly inaugurated facility specifically for rotorcraft precision gears.
Pulse Pharmaceuticals,pulsepharma.net,Hyderabad,Specialty pharma,"Nano-formulations, novel drug delivery systems",Rs.100-300Cr,K. Rambabu,MD,Operator-founder,Strong,Formulation manufacturing facilities.,Strong,HQ in Hyderabad.,Strong,Patented nano-technology delivery platforms.,Moderate,Operator-led but lacks digital systems integration.,Moderate,D2C/Doctor-prescribed novel formulations.,Strong,Expanding field force and launching new patented SKUs.,70,B — Probable Federer,Borderline,Strong product differentiation but C7 (Systems Maturity) appears weak from digital footprint.,Leveraging proprietary nano-formulation platforms to disrupt traditional delivery mechanisms.
Pelmac Industries,pelmac.in,Hyderabad,Precision engineering,"Custom turned components, automotive fasteners",<Rs.50Cr,-,-,Strong,In-house CNC turning centers.,Strong,Located in Hyderabad.,Weak,Commodity job-shop characteristics. Lacks AS9100 or aerospace pivot.,Weak,Traditional MSME promoter; no evidence of ERP or structured costing.,Weak,Auto components highly commoditized without EURO VI/EV pivot.,Weak,No visible expansion or hiring.,30,D — Not ICP,Fail,Fails C3 and C7. Commodity job-shop with no systems or technical moat.,-